<?xml version="1.0" encoding="UTF-8"?>
<project-private xmlns="http://www.netbeans.org/ns/project-private/1">
    <editor-bookmarks xmlns="http://www.netbeans.org/ns/editor-bookmarks/2" lastBookmarkId="0"/>
    <open-files xmlns="http://www.netbeans.org/ns/projectui-open-files/2">
        <group>
            <file>file:/D:/Applications/xampp/htdocs/artsource/includes/headlinks.php</file>
            <file>file:/D:/Applications/xampp/htdocs/artsource/index.php</file>
            <file>file:/D:/Applications/xampp/htdocs/artsource/banner.html</file>
            <file>file:/D:/Applications/xampp/htdocs/artsource/css/bannerStyle.css</file>
        </group>
    </open-files>
</project-private>
